Item No.,Title,Description,Product Group
1,Baby Bits & Bobs Pouch,"Babies need a lot of stuff. Keep some of it organised in this beautiful cotton pouch with golden zipper, leather band and inner lining detailing.",1
2,Baby Journal,"Record baby's firsts - highlights are a flip-out Parisian Townhouse that serves as a family-tree and sections such as Milestones, The World Around You & Your Favourite Things",2
3,New to this world Cushion,"Caption on pillow reads: ""You are only new to this world, so just take my hand and we'll tiptoe to the edge and there we shall look at how beautiful it all is until you are ready to take flight.""",3
4,Owl Baby Mobile,Laser cut from beautiful birch wood and hand finished with love. This mobile comes in a lovely gift box and is sure to become a child's treasure.,4
5,"Dream Big, Little One Cushion","Soft grey cotton screen printed baby cushion. Caption reads 'Dream big little one, tomorrow you will move mountains'.",1
6,Tiger Baby Bodysuit,"100% organic unbleached cotton, transfer printed. Newborn - 6 months.",2
9,Circus Bunny Baby Bodysuit,"100% organic unbleached cotton, transfer printed. Newborn - 6 months.",3
10,Morgan the Mischievous Baby Bodysuit,"Meet Morgan the Mischievous. This 100% organic cotton bodysuit comes gift wrapped with a matching Morgan the Mischievous card, for an extra special new baby gift. Features original illustration by Adam Murphy - lead animator for Disney and Lucasfilm.",4
11,Jenkins the Hare Baby Blanket,Meet Jenkins the Hare. This 100% organic cotton blanket comes gift wrapped with a matching Jenkins the Hare card making it an extra special new baby gift. Features original illustration by Adam Murphy - lead animator for Disney and Lucasfilm.,1
13,Alphabet Baby Blanket,100% quilted cotton - destined to become a family favourite.,2
14,Animal Baby Pillows,100% cotton case with poly fill.,3
15,Baby Socks Gift Set,"Special set of 3 pairs, made from cotton yarn to ensure comfort to baby's delicate skin.",4
16,We Did It Wedding Journal,"48 pages to fill in the events of a wedding from reception to banquette, from speeches to honeymoon. Even things like 'who caught the brides bouquet' will be kept in your book and not forgotten.",1
17,The Date Jar,"Spend some quality time and have fun with your partner with the help of your own Date Jar. 
Inside are 12 ideas for fun activities such as 'Create a signature cocktail for yourselves'",2
18,A pub for all reasons,"30 pubs with specific appeal such as a pub with a pub cat, a river view, architectural beauty, pubs where mobile phones are barred, where food is recommended and where Guinness is brought to your table.",3
19,How to find Old New York,"The guide to the New York you've always wanted to see but feared might have disappeared for good.. Depicting a city of Edward Hopper diners and down-at-heel dive bars, overstocked grocery stores and mountainous pastrami sandwich deli's.",4
20,Kitchen Larder Candles,"Juliette At Home Kitchen Larder candles use the finest fragrances and smell absolutley yummy. Flavours such as Lemon Drizzle, Apple Crumble & Cucumber Sandwiches
Each pot comes with a recipe for a jam or chutney which can be filled into the jar once the candle has been used.",1
21,Kitchen Larder Handwash,"Juliette At Home Kitchen Larder Hand Wash is inspired by both the kitchen and the vegetable garden, using the finest fragrances that smell absolutley yummy. Flavours include Marigold & Rocket",2
24,They see me rollin' tea towel,A tea towel for gangsters.,3
25,The Cook Tea Towel,A tea towel for the Breaking Bad fan who has everything.,4
28,Silly Sausage & Sensible Egg,Make drying up after your morning fry-up more fun.,1
29,Sweet Strawberries & Sour Cream,An 'Afternoon Tea' towel.,2
30,The Dreamers ,Beautifully illustrated tea towel.,3
31,May I interest you in a hug,Beautifully illustrated tea towel.,4
32,Birch Tree Mug,"Dishwasher safe ceramic mug. Printed in Maine, USA.",1
33,Rabbit with Camera Notebook,48 plain pages for photography inspired ideas.,2
36,The London Edition,"Pack of three London Themed A6 notebooks. Ruled, blank & tabulated.",3
37,Triple Seal Notebook Trio,"A handsome and handy set of three plain A6 books, adorned with silkscreen printed seals in vermillion red, shiny copper and fresh aqua.",4
38,Otter Notebook,"The cover pattern is inspired by YouTube celebrity sea otters, Milo and Nyac who were caught on camera holding hands as they slept. A6 plain cartridge paper. ",1
40,Great / Rubbish Ideas ,"We know that not every idea we have is a winner! This double-sided A6 notebook allows you to log the great ones in one side, with the not-so-great ones in the other side.",2
41,The GOOD Stationery Set,"For every one of these sets sold, a child in the Gambia gets a school stationery kit through the Fresh Start Foundation, so it's a gift that keeps on giving.
Includes A5 notebook, 4 notecards/envelopes, sticker seals, pencil & pencil sharpener, presented in a gift pack.",3
42,Notes�Notebook,"It looks good, it's useful, and there's loads of space for notes in this A5 recycled paper notebook with 48 pages.",4
43,Really Quite Important Stuff Notebook,This A5 recycled paper notebook with 48 pages is the perfect place to keep track of all the vitally important life stuff you can't do without.,1
44,Nostalgic Collage Collection Notebooks,"Digitally printed notebook with 32 lightly ruled inner pages. Choose from 'Frog on a bike', 'Oh Deer' or Mad Hatter'.",2
45,Welly Wonders Notecards,"Box set of 9 A6 notecards cards & envelopes, featuring original work by Adam Murphy - lead animator for Disney and Lucasfilm.",3
46,Ace of Hearts Notebook,"Vintage inspired circus notebook, spiral bound with 60 plain white pages.",4
47,The 50 People of East London,"A painfully accurate guide to the diverse, colourful and sometimes infuriating people of East London. Although the drawings are reminiscent of old-fashioned comic books or Hogarth���s 18th Century prints, the individuals portrayed represent the very modern characters that make up the melting pot of East London.",1
48,Black Tree Glasses Set,"A beautiful set of four handmade, heavy bottomed glasses with bold printed images of trees. Oak, Blossom, Birch and Fir.",2
49,Vintage Pattern Notecards,Box set of 8 assorted A6 cards with envelopes from the vintage pattern collection.,3
50,Nostalgic Collage Notecards,Box set of 8 assorted A6 cards with envelopes from the Nostalgic Collage collection.,4
51,Swallow Letterhead Set ,"Contains 15 printed A5 sheets with tissues lined envelopes presented in a beautiful box and finished with a wax seal. Illustrated, designed and lovingly printed on a 1960 Heidelberg Windmill in Bath UK.",1
52,Rabbit with Camera Tote,"Cute black tote with long handle, perfect carrier for the budding photographer.",2
53,When You Wish Tote,Tote bag for a rebel against Disney. Handprinted onto a 100% cotton bag with a practical long handle.,3
54,Mr Rock Print,Mr Rock is gonna kick your ***. An A3 digital print onto 300gsm Shiro Echo paper with a matt finish.,4
55,Fantastic Fox Print,"Original illustration, digitally printed onto high quality textured stock in Sydney, Australia.",1
56,New Baby Cards,,2
57,New Baby Cards,,3
58,New Baby Cards,,4
59,New Baby Cards,,1
60,New Baby Cards,,2
61,New Baby Cards,,3
62,New Baby Cards,,4
63,New Baby Cards,,1
64,New Baby Cards,,2
67,New Baby Cards,,3
68,Birthday & Greetings Cards,Birthday & Greetings Cards,4
69,Birthday & Greetings Cards,,1
70,Birthday & Greetings Cards,,2
71,Birthday & Greetings Cards,,3
72,Birthday & Greetings Cards,,4
73,Birthday & Greetings Cards,,1
74,Birthday & Greetings Cards,,2
75,Birthday & Greetings Cards,,3
76,Birthday & Greetings Cards,,4
77,Birthday & Greetings Cards,,1
78,Birthday & Greetings Cards,,2
79,Birthday & Greetings Cards,,3
81,Birthday & Greetings Cards,Made with real pencil shavings,4
82,Birthday & Greetings Cards,Made with real pencil shavings,1
83,Birthday & Greetings Cards,Made with real pencil shavings,2
84,Birthday & Greetings Cards,Made with real pencil shavings,3
85,Birthday & Greetings Cards,,4
86,Birthday & Greetings Cards,,1
87,Birthday & Greetings Cards,,2
88,Birthday & Greetings Cards,,3
89,Birthday & Greetings Cards,,4
90,Birthday & Greetings Cards,,1
91,Birthday & Greetings Cards,Made with real pencil shavings,2
93,Birthday & Greetings Cards,,3
94,Birthday & Greetings Cards,,4
95,Birthday & Greetings Cards,,1
96,Birthday & Greetings Cards,,2
97,Birthday & Greetings Cards,,3
98,Wrapping Paper,,4
99,Wrapping Paper,,1
100,Wrapping Paper,,2
101,Wrapping Paper,,3
102,Wrapping Paper,Stars wrappng paper,4
103,Wrapping Paper,,1
104,Wrapping Paper,Double sided wrap,2
105,Wrapping Paper,,3
106,Wrapping Paper,,4
107,Wrapping Paper,,1
108,Wrapping Paper,,2
109,Wrapping Paper,,3
110,Wrapping Paper,,4
112,Wrapping Paper,,1
113,Wrapping Paper,,2
114,Wrapping Paper,,3
115,Wrapping Paper,,4
116,Wrapping Paper,,1
117,Wrapping Paper,,2
118,Wrapping Paper,,3
119,Wrapping Paper,,4
120,Wrapping Paper,,1
121,Wrapping Paper,,2
122,Wrapping Paper,,3
123,Wrapping Paper,,4
124,Wrapping Paper,,1
125,Wrapping Paper,,2
126,Wrapping Paper,,3
127,Wrapping Paper,,4
128,Wrapping Paper,,1
